sample_id,scenario,invite,opt_in,text_reply,reaction,state_share,proactive_update,routine_maintenance,pass_event,resume_signal,tone_warmth,response_delay_min
1,cozy-normal-year,1,1,1,1,0,1,1,0,0,0.5575037874816452,50.00003756819565
2,cozy-normal-year,1,1,1,1,0,0,1,0,0,0.7145754123860488,152.96155507025844
3,cozy-normal-year,1,1,1,1,1,1,0,0,0,0.5322063970017576,42.27968770928596
4,cozy-normal-year,1,1,1,0,1,1,1,0,0,0.7812827487595877,49.17278975970207
5,cozy-normal-year,1,0,1,1,0,1,0,0,0,0.6270741739012241,51.159334221403185
6,cozy-normal-year,0,0,1,1,0,1,0,0,0,0.6122593381536662,27.593986927722455
7,cozy-normal-year,0,0,1,1,1,1,0,0,0,0.5558609055626139,27.32680098207773
8,cozy-normal-year,1,1,1,1,0,0,1,0,0,0.6754842021429379,37.000257392655506
9,cozy-normal-year,1,1,1,1,0,0,1,0,0,0.5432859981171466,16.118004588264274
10,cozy-normal-year,0,0,1,1,0,1,0,0,0,0.5991030041119269,28.35152635334088
11,cozy-normal-year,1,0,1,1,1,0,0,0,1,0.6639194184132625,59.93619609677912
12,cozy-normal-year,1,1,1,0,0,0,1,0,0,0.64935094185758,19.910426736591297
13,cozy-normal-year,1,1,1,0,1,1,1,0,1,0.5220267040796283,30.641151743970553
14,cozy-normal-year,1,1,1,1,1,0,1,0,0,0.5900936367168755,60.73405061115269
15,cozy-normal-year,1,1,1,0,0,0,1,0,0,0.6001543130815461,176.7525842933956
16,cozy-normal-year,1,1,1,0,0,0,1,0,1,0.5228412920869104,160.43219297306572
17,cozy-normal-year,1,1,1,1,0,0,0,0,0,0.5826485659097951,80.86406454106161
18,cozy-normal-year,1,1,1,1,0,1,1,0,0,0.638225781439272,31.68563351641926
19,cozy-normal-year,1,1,1,0,0,1,1,0,1,0.6017320523832552,182.92536293695304
20,cozy-normal-year,1,0,0,1,0,1,0,0,0,0.6621187203411648,
21,cozy-normal-year,1,1,1,0,0,0,1,0,1,0.7571443380738901,24.029054142805606
22,cozy-normal-year,1,1,1,0,1,1,1,0,0,0.5773705910653009,37.293614035689274
23,cozy-normal-year,1,1,1,0,0,0,1,0,0,0.6528645669843155,40.3167652164845
24,cozy-normal-year,1,1,1,1,1,1,1,0,0,0.5290373887978791,21.711226772781202
25,cozy-normal-year,1,1,1,0,1,1,1,0,1,0.571309133006213,23.577856118440963
26,cozy-normal-year,1,1,1,1,0,0,0,0,0,0.6396849213206891,30.5086606634543
27,cozy-normal-year,1,1,1,0,0,0,1,0,0,0.6708190778463073,31.587795245212448
28,cozy-normal-year,0,0,1,1,1,0,0,0,0,0.505327629267849,49.33758161294147
29,cozy-normal-year,1,1,1,1,0,1,1,0,0,0.6263713850533115,79.38889201864828
30,cozy-normal-year,1,0,0,1,0,0,0,0,1,0.6727576457391675,
31,cozy-normal-year,1,0,1,1,0,1,0,0,0,0.6086409740601282,24.952659124647404
32,cozy-normal-year,0,0,1,1,0,0,0,0,0,0.5460907836559638,139.62849101089228
33,cozy-normal-year,1,0,1,0,0,0,0,0,0,0.4184848406530098,120.06467920683748
34,cozy-normal-year,1,0,0,1,0,0,0,0,0,0.6820189278026578,
35,cozy-normal-year,1,1,1,1,1,0,1,0,0,0.7859750486904099,49.00070348240761
36,cozy-normal-year,1,1,1,1,0,0,1,0,0,0.5625192852468069,58.28391863392112
37,cozy-normal-year,1,1,1,0,1,0,1,0,0,0.6127608902866327,58.257471066979534
38,cozy-normal-year,1,0,0,0,1,0,0,0,0,0.6591536058200123,
39,cozy-normal-year,1,0,1,0,0,0,0,0,0,0.6231321524450462,117.47319842429512
40,cozy-normal-year,1,1,1,1,0,1,1,0,0,0.629681796195777,37.459208404673575
41,cozy-normal-year,1,0,0,1,1,0,0,0,0,0.7104532558728645,
42,cozy-normal-year,1,0,1,1,1,1,0,0,0,0.6738792787307467,29.144842081119382
43,cozy-normal-year,1,0,0,0,1,1,0,0,0,0.5881669639628536,
44,cozy-normal-year,0,0,1,0,0,1,0,0,0,0.5937679969654682,19.947621337821847
45,cozy-normal-year,1,1,1,0,0,1,1,0,0,0.6558432931500822,32.92053637452378
46,cozy-normal-year,0,0,0,1,0,1,0,0,0,0.5054832853971288,
47,cozy-normal-year,1,1,1,1,0,1,0,0,1,0.6338419215484561,50.44317500741744
48,cozy-normal-year,0,0,1,1,0,1,0,0,0,0.6434112726881556,28.371862200719423
49,cozy-normal-year,1,0,1,1,0,1,0,0,0,0.6568311929043777,18.19901097474702
50,cozy-normal-year,1,1,1,1,0,0,0,0,1,0.614715136986758,22.61426905809294
51,cozy-normal-year,1,0,0,0,0,0,0,0,0,0.6372213643250149,
52,cozy-normal-year,1,1,1,1,0,1,1,0,0,0.6495701716400111,26.045182493535627
53,cozy-normal-year,1,1,1,1,0,0,1,0,0,0.6438120980396908,20.441597870185525
54,cozy-normal-year,0,0,1,1,0,1,0,0,0,0.7279216399156317,28.293227928544063
55,cozy-normal-year,1,1,1,1,0,0,1,0,0,0.6059275561531717,35.720407382852386
56,cozy-normal-year,1,1,1,0,1,0,1,0,0,0.5578869864801402,27.390004774852887
57,cozy-normal-year,1,0,1,1,0,0,0,0,0,0.6407781091989159,29.893714549507738
58,cozy-normal-year,1,1,1,1,0,0,1,0,0,0.6310393628544085,35.38395575916003
59,cozy-normal-year,0,0,0,0,1,1,0,0,0,0.7084843252076027,
60,cozy-normal-year,1,1,1,1,1,0,1,0,0,0.6242538525598745,172.12211283873353
61,cozy-normal-year,0,0,1,1,0,1,0,0,0,0.49479103315255757,183.3537500058424
62,cozy-normal-year,1,0,1,1,0,1,0,0,0,0.5256328902010222,24.04902174274678
63,cozy-normal-year,1,0,1,1,0,1,0,0,0,0.6597934757676747,47.16064144013147
64,cozy-normal-year,1,1,1,1,0,0,1,0,0,0.559343768096847,18.68933913508666
65,cozy-normal-year,1,1,1,1,0,0,0,0,0,0.5634936523710382,35.396574561271024
66,cozy-normal-year,1,1,1,1,0,1,1,0,0,0.5105707010399696,25.025644813693916
67,cozy-normal-year,0,0,0,0,1,0,0,0,0,0.6344315253624072,
68,cozy-normal-year,0,0,0,1,0,0,0,0,0,0.5047062790051952,
69,cozy-normal-year,1,1,1,1,0,1,1,0,0,0.6388908853341118,118.1587449195978
70,cozy-normal-year,1,1,1,1,1,0,1,0,0,0.562273563300872,62.59628778215954
71,cozy-normal-year,1,0,1,1,1,1,0,0,0,0.6364371629622685,21.42710566680554
72,cozy-normal-year,1,1,1,1,0,0,1,0,1,0.7488515229830204,27.218319154229114
73,cozy-normal-year,1,1,1,0,1,0,1,0,0,0.5832397231260964,26.601755806758927
74,cozy-normal-year,1,1,1,1,1,0,1,0,0,0.5357104139003295,56.607792425099056
75,cozy-normal-year,0,0,1,0,0,1,0,0,0,0.477202295073371,52.483016018771565
76,cozy-normal-year,1,1,1,0,0,0,0,0,0,0.6244436504565121,13.226673297212477
77,cozy-normal-year,1,1,1,0,0,1,1,0,1,0.5000910020989734,72.70109153714772
78,cozy-normal-year,1,1,1,1,1,0,1,0,0,0.6322621044668687,47.59288374118121
79,cozy-normal-year,0,0,1,1,0,0,0,0,0,0.633531433830405,149.28581237081912
80,cozy-normal-year,0,0,1,0,0,1,0,0,0,0.6072803450905321,62.37539380785635
81,cozy-normal-year,1,0,0,1,1,0,0,0,0,0.5965811745478109,
82,cozy-normal-year,1,1,1,0,1,0,0,0,0,0.7246477378496985,17.111390283471806
83,cozy-normal-year,1,1,1,1,0,0,1,0,0,0.6130123378209534,36.82112593348605
84,cozy-normal-year,1,1,1,1,1,0,1,0,0,0.6446535132829321,16.62028168291584
85,cozy-normal-year,1,1,1,0,0,1,1,0,0,0.6028494437426201,14.703962569217426
86,cozy-normal-year,1,0,0,1,0,0,0,0,0,0.5915811307121466,
87,cozy-normal-year,0,0,1,0,0,0,0,0,0,0.6922287956721311,38.89610617290194
88,cozy-normal-year,1,1,1,1,0,0,1,0,1,0.7183956524081462,11.580003453092813
89,cozy-normal-year,1,1,1,0,0,0,0,0,1,0.4610392280306497,34.588608930861305
90,cozy-normal-year,1,1,1,0,1,0,0,0,0,0.5816969488068989,13.982708327714665
91,cozy-normal-year,1,1,1,1,0,0,0,0,0,0.6067929582385219,30.141905086171935
92,cozy-normal-year,1,1,1,1,0,1,1,0,1,0.7716802155291949,35.27753358062174
93,cozy-normal-year,1,1,1,1,0,0,1,0,0,0.5360459178987433,38.97325214604499
94,cozy-normal-year,1,1,1,1,1,1,1,0,0,0.705427424278768,37.37083403894651
95,cozy-normal-year,1,1,1,1,1,1,1,0,0,0.6585952222149676,281.23477295037264
96,cozy-normal-year,1,1,1,1,1,0,0,0,0,0.6927790069628276,109.98498818738913
97,cozy-normal-year,0,0,0,0,0,0,0,0,0,0.6872628058042655,
98,cozy-normal-year,0,0,1,0,0,0,0,0,0,0.6957726514857757,98.66434088982254
99,cozy-normal-year,0,0,1,0,1,1,0,0,0,0.7460894881760066,239.68608794748133
100,cozy-normal-year,0,0,1,1,0,1,0,0,1,0.7208796190038228,35.372943019679845
101,cozy-normal-year,1,1,1,1,0,1,1,0,0,0.6171305515859574,56.75200188558391
102,cozy-normal-year,1,1,1,0,0,1,1,0,0,0.6966725761610656,21.068746097418526
103,cozy-normal-year,1,1,1,1,0,0,0,0,0,0.6494552921708433,36.914520543686116
104,cozy-normal-year,1,1,1,1,0,1,1,0,0,0.5698380784143967,20.282553908561813
105,cozy-normal-year,1,1,1,0,0,0,0,0,0,0.6139274968241698,28.22289423439551
106,cozy-normal-year,1,1,1,0,0,0,1,0,0,0.5263674181782362,16.83068827678041
107,cozy-normal-year,1,1,1,0,1,1,1,0,1,0.7253983256647062,26.08941078334333
108,cozy-normal-year,1,1,1,0,1,1,0,0,0,0.5858718796030762,20.300905405230555
109,cozy-normal-year,1,1,1,0,1,0,1,0,0,0.6229923433463708,11.271327897171213
110,cozy-normal-year,1,1,1,0,0,1,1,0,0,0.8227477486563761,23.470133150755732
111,cozy-normal-year,1,1,1,1,0,1,1,0,0,0.6014771544786077,17.901944024676688
112,cozy-normal-year,1,0,1,1,0,0,0,0,1,0.5925790408678291,27.72937814116929
113,cozy-normal-year,1,1,1,0,0,0,1,0,0,0.6682636855482199,17.920653433386946
114,cozy-normal-year,1,1,1,1,0,1,1,0,0,0.5901966462723299,43.57002315275073
115,cozy-normal-year,0,0,0,0,1,0,0,0,0,0.5856718551608501,
116,cozy-normal-year,1,1,1,1,0,0,1,0,0,0.556480203601109,20.838096183733644
117,cozy-normal-year,1,0,1,1,0,1,0,1,1,0.6439382524996586,109.05791156495563
118,cozy-normal-year,1,0,0,1,0,0,0,0,1,0.4884556126254792,
119,cozy-normal-year,1,1,1,1,0,0,1,0,0,0.7246766100431618,76.59967052708681
120,cozy-normal-year,0,0,1,1,0,1,0,0,0,0.571326685293297,135.47251605509024
121,cozy-normal-year,0,0,1,1,0,1,0,0,0,0.5437641911770965,87.43236981068762
122,cozy-normal-year,1,1,1,1,0,0,1,0,0,0.7790571385933339,22.132481519543227
123,cozy-normal-year,1,1,1,1,1,1,1,0,0,0.6238481388374951,36.18065181558642
124,cozy-normal-year,1,1,1,1,0,1,0,0,0,0.6837687827665916,22.69229209080155
125,cozy-normal-year,0,0,1,0,1,0,0,0,0,0.734542584664823,15.989160618399227
126,cozy-normal-year,1,0,0,1,0,1,0,0,0,0.6845155534235143,
127,cozy-normal-year,0,0,0,0,0,1,0,0,0,0.5587345750635766,
128,cozy-normal-year,1,0,0,0,0,1,0,0,0,0.6360215861303439,
129,cozy-normal-year,1,1,1,1,0,0,1,0,0,0.6108318948545122,64.37638812998645
130,cozy-normal-year,1,1,1,1,0,0,1,0,1,0.6716807897539806,26.88240673867248
131,cozy-normal-year,1,1,1,1,1,0,1,0,0,0.6274400206811327,43.49806444075883
132,cozy-normal-year,1,1,1,1,0,0,1,0,0,0.6646445950109806,13.742325292663605
133,cozy-normal-year,1,1,1,0,0,1,1,0,0,0.6581128654007771,28.51465818752691
134,cozy-normal-year,1,1,1,0,1,1,1,0,0,0.5971500304424225,43.81121559034071
135,cozy-normal-year,0,0,1,1,0,1,0,0,0,0.5800139494018688,45.88064556259037
136,cozy-normal-year,1,1,1,1,1,1,1,0,0,0.6126773828862463,24.75725636688159
137,cozy-normal-year,1,1,1,0,1,0,1,0,0,0.7284544364136633,96.40058695686086
138,cozy-normal-year,1,1,1,0,0,1,1,0,0,0.6920113420973701,26.63668902941677
139,cozy-normal-year,1,1,1,0,0,0,1,0,0,0.5846693864310685,21.549455952389216
140,cozy-normal-year,1,0,0,1,0,0,0,0,0,0.6772204804753902,
141,cozy-normal-year,0,0,1,1,0,1,0,0,0,0.6603918996644731,84.53144116487992
142,cozy-normal-year,1,1,1,0,1,1,1,0,0,0.65165283774946,20.546851844765367
143,cozy-normal-year,1,1,1,1,0,0,1,0,0,0.6340394268859395,44.00054624220453
144,cozy-normal-year,1,1,1,1,0,0,1,0,0,0.5331263935755325,33.17630131786728
145,cozy-normal-year,1,1,1,0,1,0,1,0,0,0.6009422854850939,46.49337340929412
146,cozy-normal-year,1,1,1,0,0,0,1,0,0,0.5807756754799341,35.58933277048732
147,cozy-normal-year,1,0,0,1,0,1,0,0,1,0.5401955628737364,
148,cozy-normal-year,1,0,1,1,0,0,0,0,1,0.6494768937444257,27.299912494835976
149,cozy-normal-year,1,1,1,1,0,1,1,0,0,0.6079828600247407,24.69639978410381
150,cozy-normal-year,1,1,1,0,1,0,1,0,0,0.7326376938779058,16.025611662176726
151,cozy-normal-year,1,0,1,1,0,1,0,0,0,0.5854710290300312,66.96561828648738
152,cozy-normal-year,1,1,1,1,0,0,1,0,0,0.6947415149468935,52.32639399918515
153,cozy-normal-year,1,1,1,0,1,0,1,0,0,0.5824961205725487,185.7930460785791
154,cozy-normal-year,1,1,1,1,0,0,1,0,1,0.5222201873122319,16.52207265650925
155,cozy-normal-year,1,1,1,0,0,0,0,0,1,0.8332618615820058,29.096227038289427
156,cozy-normal-year,1,0,0,1,1,0,0,0,1,0.659379603112418,
157,cozy-normal-year,1,0,1,0,1,1,0,0,0,0.6529479346303269,10.108407897225028
158,cozy-normal-year,1,0,0,1,0,0,0,0,0,0.6203211788806254,
159,cozy-normal-year,1,1,1,0,0,1,0,0,0,0.6058805680299824,45.65524326696617
160,cozy-normal-year,1,1,1,1,1,1,1,0,0,0.6909555018283391,61.37131400551225
161,cozy-normal-year,1,0,1,0,0,1,0,0,1,0.569246498102626,102.29724809825858
162,cozy-normal-year,1,1,1,1,0,0,1,0,0,0.6213019675200424,10.772477204845899
163,cozy-normal-year,0,0,0,1,0,0,0,0,0,0.5313442209287753,
164,cozy-normal-year,0,0,1,0,1,1,0,0,0,0.6149199196312433,338.1622821472531
165,cozy-normal-year,0,0,0,1,0,1,0,0,0,0.6799137392208426,
166,cozy-normal-year,1,1,1,1,0,1,1,0,1,0.6378705765622906,9.503306282363216
167,cozy-normal-year,1,1,1,1,0,1,1,0,0,0.5644899376723707,12.890775911117059
168,cozy-normal-year,1,1,1,1,1,0,1,0,1,0.6086296110313172,30.58642940171019
169,cozy-normal-year,1,1,1,0,0,0,1,0,0,0.7195463034785237,34.09842705422067
170,cozy-normal-year,1,0,1,1,0,0,0,0,0,0.6269951638629808,25.459487526198746
171,cozy-normal-year,1,1,1,1,1,0,1,0,1,0.7763784660295191,24.30099194648399
172,cozy-normal-year,1,1,1,0,0,1,0,0,0,0.6790109537136356,238.5565010317108
173,cozy-normal-year,1,1,1,0,0,0,1,0,0,0.5464359484303358,44.00847178837894
174,cozy-normal-year,1,0,1,0,0,0,0,0,0,0.7491322217588787,32.53382704868422
175,cozy-normal-year,1,1,1,1,0,0,1,0,0,0.5870622035211821,89.03359624964362
176,cozy-normal-year,0,0,0,0,0,0,0,0,0,0.6816156088284483,
177,cozy-normal-year,1,1,1,1,0,1,1,0,1,0.6588192524626121,41.336471874651515
178,cozy-normal-year,1,0,1,1,0,0,0,0,0,0.7037467171247759,79.96103909685698
179,cozy-normal-year,1,1,1,1,1,1,1,0,0,0.6272139504052897,23.052155324001014
180,cozy-normal-year,1,0,0,1,0,0,0,0,1,0.6748440714680431,
181,cozy-normal-year,1,0,1,1,0,1,0,0,1,0.6114522320278651,20.03288224411909
182,cozy-normal-year,1,1,1,0,1,1,1,0,0,0.6029318950832591,47.79008641162998
183,cozy-normal-year,1,1,1,1,0,0,1,0,0,0.5037810485456369,27.369254624578822
184,cozy-normal-year,1,1,1,1,1,0,1,0,0,0.6415759476596733,23.530207364483754
185,cozy-normal-year,1,1,1,0,1,1,1,0,0,0.6230048530174164,47.583063747131185
186,cozy-normal-year,1,1,1,0,0,0,1,0,0,0.6016631017623253,114.4390133259511
187,cozy-normal-year,1,1,1,0,0,0,1,0,0,0.64234350707015,144.25023349973387
188,cozy-normal-year,1,1,1,0,1,0,1,0,0,0.6987792506273894,35.0379533872783
189,cozy-normal-year,0,0,1,1,0,1,0,0,0,0.6195082588825108,37.73567787943815
190,cozy-normal-year,1,1,1,1,0,1,0,0,0,0.5131815714762789,26.096780609760327
191,cozy-normal-year,1,1,1,0,0,0,1,0,0,0.556187872672975,18.620380474903868
192,cozy-normal-year,1,1,1,0,0,1,1,0,0,0.5824543864376065,24.1506986924401
193,cozy-normal-year,1,1,1,1,1,0,1,0,1,0.5220347160319903,19.54411640036019
194,cozy-normal-year,1,0,1,1,0,0,0,0,0,0.6320178128492587,15.630056502506033
195,cozy-normal-year,1,1,1,1,1,1,0,0,0,0.6190491507388671,39.924275174451765
196,cozy-normal-year,0,0,1,0,0,1,0,0,0,0.667194914393371,23.705436405930392
197,cozy-normal-year,1,1,1,1,0,1,1,0,0,0.5777740761368679,27.16141705476609
198,cozy-normal-year,1,1,1,1,0,0,1,0,0,0.730328671632875,30.77451768201468
199,cozy-normal-year,1,1,1,1,0,1,1,0,0,0.6984162490831242,34.556707413098195
200,cozy-normal-year,1,1,1,0,0,0,1,0,0,0.6487758616687445,40.06910719970922
201,cozy-normal-year,1,1,1,1,0,0,1,0,0,0.6824213360697452,16.37238936272674
202,cozy-normal-year,1,1,1,0,0,1,1,0,1,0.5995266786563181,25.31897420622304
203,cozy-normal-year,1,1,1,1,0,0,1,0,1,0.6312751859616821,22.08347413943424
204,cozy-normal-year,1,1,1,1,1,0,1,0,0,0.6394884922814229,38.644153221195616
205,cozy-normal-year,1,1,1,1,0,0,1,0,0,0.604442813620429,85.73183604254871
206,cozy-normal-year,1,1,1,0,0,0,1,0,0,0.5679921466649795,33.99386607225509
207,cozy-normal-year,1,0,1,1,0,1,0,1,0,0.48776340379663047,22.17314621285919
208,cozy-normal-year,1,1,1,1,0,0,1,0,0,0.6633209447519727,34.56269290781921
209,cozy-normal-year,1,1,1,1,1,0,1,0,0,0.6533440043488671,145.5370777350188
210,cozy-normal-year,1,1,1,1,0,1,1,0,0,0.6491599155864186,56.74987925724686
211,cozy-normal-year,1,1,1,1,1,0,1,0,0,0.6046546556935266,35.01461471888366
212,cozy-normal-year,1,1,1,1,0,1,1,0,0,0.6854161576825493,32.45681355903193
213,cozy-normal-year,1,1,1,1,1,0,1,0,0,0.6971820856727599,17.83156189101396
214,cozy-normal-year,0,0,1,0,1,1,0,0,0,0.7523427612524557,33.863600315998134
215,cozy-normal-year,1,1,1,0,0,1,0,0,0,0.6080730561590247,36.72497976342589
216,cozy-normal-year,1,0,1,0,1,0,0,0,0,0.6046533974896766,22.517620908700625
217,cozy-normal-year,1,1,1,0,0,0,1,0,0,0.46593404721486015,28.62474023545984
218,cozy-normal-year,1,1,1,1,0,1,1,0,0,0.754193917964306,193.96806406004725
219,cozy-normal-year,1,1,1,1,0,0,1,0,0,0.711916594292232,79.25214739612946
220,cozy-normal-year,1,1,1,1,0,1,0,0,0,0.6492005170518435,143.73299401515845
221,cozy-normal-year,1,0,0,1,0,1,0,0,0,0.6308350642502699,
222,cozy-normal-year,1,1,1,1,0,1,1,0,0,0.6901669597167167,56.46620146228616
223,cozy-normal-year,1,1,1,1,0,1,1,0,0,0.6691665414697533,53.215200477806384
224,cozy-normal-year,0,0,1,1,1,0,0,0,0,0.5748539659215588,43.67571177926327
225,cozy-normal-year,1,0,1,0,0,1,0,0,0,0.5232737979456287,70.29013750729884
226,cozy-normal-year,1,1,1,1,0,0,1,0,0,0.5712494141430384,48.90469816851133
227,cozy-normal-year,1,1,1,1,1,1,0,0,0,0.7079322827976283,34.51676510978345
228,cozy-normal-year,1,1,1,1,1,0,1,0,0,0.7096370007019929,17.406938412078336
229,cozy-normal-year,1,1,1,0,1,0,1,0,0,0.6880592568615232,12.011113038697415
230,cozy-normal-year,1,1,1,0,0,0,0,0,0,0.7019928155343438,32.34902267489855
231,cozy-normal-year,1,0,1,1,0,0,0,0,0,0.5963280703666747,81.68160525759706
232,cozy-normal-year,0,0,1,1,0,0,0,0,0,0.6863541543903863,201.24766629083575
233,cozy-normal-year,1,0,1,1,0,1,0,0,0,0.5786270862679391,9.80858429061244
234,cozy-normal-year,1,0,0,1,1,1,0,0,1,0.7054589543485096,
235,cozy-normal-year,1,0,1,1,0,1,0,0,1,0.6899958458081106,36.052719828666
236,cozy-normal-year,1,1,1,1,0,0,1,0,0,0.6325880447548908,27.322381788995884
237,cozy-normal-year,1,1,1,1,1,1,1,0,0,0.609774963993052,24.601803010989876
238,cozy-normal-year,1,1,1,1,0,0,1,0,0,0.7132812467640856,67.14458664293582
239,cozy-normal-year,1,1,1,1,0,1,1,0,0,0.4947403261899507,50.57381344001463
240,cozy-normal-year,1,1,1,0,0,1,1,0,0,0.702632394319327,93.04866004754831
241,cozy-normal-year,0,0,1,0,0,0,0,0,0,0.670839706784408,63.98381432357617
242,cozy-normal-year,1,0,0,1,0,1,0,0,1,0.5397816816832565,
243,cozy-normal-year,1,1,1,1,0,0,1,0,0,0.7358788577602713,75.04783540050911
244,cozy-normal-year,1,1,1,1,1,0,1,0,0,0.6151895352907849,87.9044829343234
245,cozy-normal-year,1,1,1,0,0,1,1,0,0,0.5894662692763925,22.151174725904138
246,cozy-normal-year,1,1,1,1,0,1,1,0,0,0.6052420767004929,29.538176550424687
247,cozy-normal-year,1,0,0,0,0,0,0,0,0,0.6405905096138959,
248,cozy-normal-year,1,1,1,1,1,1,1,0,0,0.609649840224077,35.44069794850742
249,cozy-normal-year,0,0,1,1,1,1,0,0,0,0.5931088878654994,160.69885655412446
250,cozy-normal-year,0,0,0,1,0,0,0,0,0,0.589102465986604,
251,cozy-normal-year,0,0,0,1,1,1,0,0,0,0.4900375372900668,
252,cozy-normal-year,0,0,0,1,0,1,0,0,0,0.55376486555554,
253,cozy-normal-year,1,1,1,1,0,0,1,0,1,0.6039846929100312,26.169646558143487
254,cozy-normal-year,1,0,0,1,0,0,0,0,1,0.4864739479761746,
255,cozy-normal-year,1,1,1,1,0,0,0,0,1,0.6316262736407212,22.834081456274756
256,cozy-normal-year,1,0,1,1,0,0,0,0,1,0.5708723613226935,48.97830075980741
257,cozy-normal-year,1,1,1,0,0,1,1,0,0,0.5646296467937582,15.288142999085423
258,cozy-normal-year,1,1,1,1,0,0,1,0,0,0.4975043283399894,17.803677606755457
259,cozy-normal-year,1,1,1,1,0,1,1,0,1,0.646658610872598,71.89119750051131
260,cozy-normal-year,1,0,0,0,0,0,0,0,0,0.6538543697287491,
261,cozy-normal-year,1,1,1,1,0,1,1,0,0,0.5951737199589249,29.464628214835628
262,cozy-normal-year,1,1,1,1,1,0,1,0,0,0.6378829912057637,25.33364680537615
263,cozy-normal-year,1,0,0,0,1,1,0,0,0,0.6451979149313817,
264,cozy-normal-year,1,0,0,0,1,1,0,0,0,0.7214250512112841,
265,cozy-normal-year,1,0,1,0,0,0,0,0,0,0.6649537790049537,36.32289210997171
266,cozy-normal-year,1,1,1,0,0,1,1,0,0,0.572905710374796,31.07459250857738
267,cozy-normal-year,1,1,1,1,0,0,1,0,0,0.6597112122143672,27.66652356762793
268,cozy-normal-year,0,0,0,1,0,1,0,0,0,0.5099648610384265,
269,cozy-normal-year,0,0,1,1,1,0,0,0,0,0.540990998900759,43.48401525721098
270,cozy-normal-year,1,1,1,0,0,0,1,0,0,0.6551649700170329,67.5575088154124
271,cozy-normal-year,0,0,0,1,0,0,0,0,1,0.6173626576733904,
272,cozy-normal-year,1,1,1,1,1,0,0,0,0,0.6156202926395752,27.248573395786188
273,cozy-normal-year,0,0,0,0,1,0,0,0,0,0.5781857067445019,
274,cozy-normal-year,1,1,1,1,0,1,1,0,0,0.6234766224569119,21.532228855701415
275,cozy-normal-year,0,0,0,1,1,1,0,0,0,0.5703932383793843,
276,cozy-normal-year,1,1,1,0,0,1,1,0,0,0.5979940584911921,53.54220229374674
277,cozy-normal-year,1,1,1,0,1,0,1,0,1,0.565079641517045,97.72113506182318
278,cozy-normal-year,1,1,1,0,1,1,1,0,1,0.6182059370745948,24.67558139872613
279,cozy-normal-year,1,1,1,0,0,1,1,0,0,0.621866111027009,21.25334886145781
280,cozy-normal-year,1,1,1,1,0,0,1,0,0,0.5817308933240803,15.010401352117338
281,cozy-normal-year,1,0,1,1,0,1,0,0,0,0.7184178907961816,18.25690583957134
282,cozy-normal-year,1,1,1,1,0,0,1,0,1,0.6871563864785596,16.26454938053149
283,cozy-normal-year,1,1,1,1,0,0,1,0,0,0.6332505150074514,97.14702220762041
284,cozy-normal-year,1,1,1,1,1,0,1,0,0,0.6471093188163881,107.7662051809256
285,cozy-normal-year,1,0,1,1,0,1,0,0,0,0.5474129431701538,22.646424279817857
286,cozy-normal-year,1,1,1,1,1,0,1,0,0,0.6474273769549063,24.677704836476494
287,cozy-normal-year,0,0,0,1,1,1,0,0,0,0.6391758407375311,
288,cozy-normal-year,1,1,1,0,1,0,1,0,0,0.653672428364748,49.309900311298726
289,cozy-normal-year,1,1,1,1,0,0,1,0,0,0.643559749544224,19.320239427525834
290,cozy-normal-year,0,0,1,0,0,1,0,0,1,0.731374473874732,18.491286909816303
291,cozy-normal-year,1,1,1,0,0,0,1,0,0,0.6373186623654566,87.64120877074335
292,cozy-normal-year,1,1,1,0,0,1,1,0,0,0.5309198097526374,96.74238301500485
293,cozy-normal-year,1,1,1,0,0,1,1,0,1,0.6027208732386813,31.238100365853224
294,cozy-normal-year,0,0,1,1,1,0,0,0,0,0.5096614176303765,21.594028037939545
295,cozy-normal-year,1,1,1,1,1,0,1,0,0,0.6926132035466034,37.80342091838147
296,cozy-normal-year,1,1,1,0,0,1,1,0,0,0.7091255111471931,27.70827451824387
297,cozy-normal-year,1,1,1,1,0,1,1,0,0,0.5606294329241828,35.10309851901359
298,cozy-normal-year,1,1,1,1,0,1,1,0,1,0.5022246453368403,19.26827747449277
299,cozy-normal-year,1,0,0,1,0,0,0,0,0,0.7533774578236847,
300,cozy-normal-year,1,1,1,0,0,0,1,0,0,0.6060573936161174,93.58931144048509
301,cozy-normal-year,1,1,1,0,0,0,0,0,0,0.6793737453595468,24.94666066426284
302,cozy-normal-year,1,1,1,1,0,0,1,0,0,0.6934389781371401,28.31475553976793
303,cozy-normal-year,1,0,1,1,1,0,0,0,0,0.6495327657530451,17.2016281639383
304,cozy-normal-year,1,1,1,0,0,0,1,0,0,0.561533527383438,23.52523466776994
305,cozy-normal-year,1,1,1,0,0,1,1,0,0,0.5792360685315666,69.0909321210817
306,cozy-normal-year,1,0,1,0,0,0,0,0,0,0.6064536423410389,35.32908832999443
307,cozy-normal-year,0,0,1,1,0,0,0,0,0,0.6565517880675654,80.08831412630256
308,cozy-normal-year,0,0,1,0,0,1,0,0,0,0.575018335778372,58.59432022221512
309,cozy-normal-year,1,1,1,0,0,1,1,0,0,0.49338230552066814,30.82661103708724
310,cozy-normal-year,1,0,0,1,0,0,0,0,0,0.558687411752543,
311,cozy-normal-year,1,1,1,0,0,0,1,0,0,0.6051822782218487,23.226438626281126
312,cozy-normal-year,1,1,1,1,0,0,1,0,0,0.6670807676602621,41.476989854758315
313,cozy-normal-year,1,0,0,1,0,0,0,0,0,0.5214949850857842,
314,cozy-normal-year,1,1,1,1,0,0,1,0,0,0.7147207850997466,28.092453518966025
315,cozy-normal-year,1,0,0,1,0,0,0,0,0,0.5439094088379077,
316,cozy-normal-year,1,1,1,1,1,1,1,0,0,0.5373891046677146,88.23963814700956
317,cozy-normal-year,1,0,1,0,0,1,0,1,0,0.7340611336102103,46.22136993499265
318,cozy-normal-year,1,1,1,1,1,1,1,0,0,0.5821065521091754,100.33995086242454
319,cozy-normal-year,1,1,1,1,1,1,1,0,0,0.622241845481295,24.05293459194999
320,cozy-normal-year,1,1,1,1,0,0,0,0,0,0.5615173122722193,28.391314474226323
321,cozy-normal-year,1,1,1,1,1,0,1,0,0,0.5860896584765848,18.572870388362144
322,cozy-normal-year,1,1,1,0,0,1,1,0,0,0.5241446778431499,23.763138794492974
323,cozy-normal-year,1,1,1,0,1,0,0,0,0,0.5367870574981813,47.28232004302765
324,cozy-normal-year,1,1,1,1,0,0,1,0,0,0.5011711952168799,18.671861640869007
325,cozy-normal-year,1,1,1,1,0,0,1,0,0,0.6180513508221589,10.343374343910805
326,cozy-normal-year,1,0,0,1,0,1,0,0,0,0.5928696107327588,
327,cozy-normal-year,1,1,1,0,1,1,1,0,0,0.5408948155026445,104.68832357026818
328,cozy-normal-year,1,1,1,1,0,0,1,0,0,0.6228808608550437,69.2620596934327
329,cozy-normal-year,0,0,0,1,0,1,0,0,0,0.717424521477245,
330,cozy-normal-year,1,1,1,1,1,0,1,0,0,0.6461338843414671,26.894178495279068
331,cozy-normal-year,1,0,1,0,0,1,0,0,0,0.6011214959041027,97.64236961734021
332,cozy-normal-year,1,0,1,1,0,0,0,0,0,0.6966166003168207,37.81511170628998
333,cozy-normal-year,1,0,0,1,0,1,0,0,0,0.6324792166310446,
334,cozy-normal-year,1,1,1,0,1,1,0,0,0,0.5776905503230508,19.543072098492832
335,cozy-normal-year,1,1,1,1,1,1,1,0,1,0.5497470715001714,35.12134157409363
336,cozy-normal-year,0,0,0,0,0,0,0,0,0,0.5176358342265017,
337,cozy-normal-year,1,0,0,1,0,1,0,0,0,0.6069695349408234,
338,cozy-normal-year,1,0,0,0,0,0,0,0,0,0.5272793655059423,
339,cozy-normal-year,1,1,1,0,1,0,1,0,1,0.515609081614557,15.909523688862476
340,cozy-normal-year,1,1,1,1,0,0,1,0,0,0.44010601205777267,39.4423713602696
341,cozy-normal-year,1,1,1,0,0,1,1,0,0,0.6955854105895175,26.732917066864072
342,cozy-normal-year,1,1,1,1,0,0,1,0,0,0.6016639516964697,45.65120625652305
343,cozy-normal-year,1,0,1,0,0,0,0,0,0,0.6454185392012435,22.34322764459917
344,cozy-normal-year,1,1,1,0,0,1,1,0,0,0.5286828454462684,19.92990122483913
345,cozy-normal-year,1,1,1,1,0,0,1,0,0,0.6585243749977061,22.826841467465243
346,cozy-normal-year,1,1,1,1,0,0,0,0,0,0.47418468969287697,30.72973077230072
347,cozy-normal-year,1,1,1,1,0,0,1,0,0,0.6663082824126111,28.753047582218677
348,cozy-normal-year,1,1,1,0,1,0,1,0,0,0.612931771304023,29.372559930623716
349,cozy-normal-year,1,1,1,1,1,0,1,0,0,0.5922483849478807,30.674828951253193
350,cozy-normal-year,1,1,1,1,0,0,1,0,0,0.6092589943815547,29.31586616770343
351,cozy-normal-year,1,1,1,0,0,1,1,0,0,0.5901528829613827,36.85884996213124
352,cozy-normal-year,1,1,1,1,0,0,1,0,0,0.584291882589079,92.82111324450125
353,cozy-normal-year,1,1,1,1,0,1,1,0,0,0.6235313057657135,27.366136721778435
354,cozy-normal-year,1,1,1,1,1,1,1,0,0,0.5925081529266718,69.6472426469337
355,cozy-normal-year,1,1,1,1,0,0,1,0,1,0.6303131310385948,20.878462368785833
356,cozy-normal-year,1,1,1,1,0,0,1,0,0,0.5374095244860867,20.165955493774245
357,cozy-normal-year,1,1,1,0,1,1,1,0,0,0.5053501260647371,54.4612718895114
358,cozy-normal-year,1,1,1,1,0,0,1,0,0,0.5911743823426063,11.377136839335995
359,cozy-normal-year,1,1,1,1,0,1,1,0,0,0.5874552053969422,83.70649762487143
360,cozy-normal-year,1,1,1,0,0,0,1,0,1,0.6548922302827699,42.62945064537217
361,cozy-normal-year,1,1,1,1,0,0,1,0,0,0.5837564751705494,34.517194341457724
362,cozy-normal-year,0,0,1,0,0,0,0,0,1,0.7465165072206101,164.35171512515765
363,cozy-normal-year,0,0,1,0,0,0,0,0,0,0.6653354699117712,113.89822341492659
364,cozy-normal-year,0,0,0,0,0,1,0,0,0,0.5605457358255908,
365,cozy-normal-year,1,0,1,0,0,0,0,0,1,0.5524526821080809,41.96846870648559
